<?xml version='1.0' encoding='UTF-8'?>

<!-- =========== FULL CONFIGURATION FILE ================================== -->

<faces-config version="2.0"
    xmlns="http://java.sun.com/xml/ns/javaee" 
    xmlns:xsi="http://www.w3.org/2001/XMLSchema-instance" 
    xsi:schemaLocation="http://java.sun.com/xml/ns/javaee http://java.sun.com/xml/ns/javaee/web-facesconfig_2_0.xsd">

    
    <navigation-rule>
        <from-view-id>/logReg.xhtml</from-view-id>
        <navigation-case>
            <if>#{acct.succ}</if>
            <to-view-id>/client.xhtml</to-view-id>
        </navigation-case>
    </navigation-rule>
    
    <navigation-rule>
        <from-view-id>/logReg.xhtml</from-view-id>
        <navigation-case>
            <if>#{acct.admin}</if>
            <to-view-id>/admin.xhtml</to-view-id>
        </navigation-case>
    </navigation-rule>
    
    <navigation-rule>
        <from-view-id>/client.xhtml</from-view-id>
        <navigation-case>
            <if>#{acct.logout}</if>
            <to-view-id>/logReg.xhtml</to-view-id>
        </navigation-case>
    </navigation-rule>
    
      <navigation-rule>
        <from-view-id>/admin.xhtml</from-view-id>
        <navigation-case>
            <if>#{acct.logout}</if>
            <to-view-id>/logReg.xhtml</to-view-id>
        </navigation-case>
    </navigation-rule>

</faces-config>
